sat_math,sat_verbal,act_composite,sex,GPA
460,610,22,M,2.04
450,330,14,F,3.02
420,450,18,M,2.65
440,540,18,M,0.27
530,580,21,M,1.35
530,690,33,F,3.17
380,580,16,F,2.1
680,630,26,M,3.34
560,550,20,F,3.17
600,680,22,M,2.55
390,350,16,F,0.18
500,580,17,F,3.12
440,480,16,F,3.77
710,740,27,F,3.44
630,700,27,F,3.95
370,570,19,F,2.87
310,620,17,M,1.9
380,360,17,F,3.38
420,540,25,M,2.16
640,360,19,M,2.01
470,490,12,F,3.39
670,600,22,M,3.49
340,430,15,M,2.3
480,540,23,M,3.17
350,480,10,F,0.88
580,580,28,F,3.3
500,600,25,M,1.3
430,700,19,F,2.39
600,480,20,F,3.72
280,420,14,F,1.88
380,550,15,M,1.91
270,370,19,M,1.54
730,730,23,F,3.61
400,590,22,F,3.01
610,750,26,F,3.75
710,700,26,M,2.68
470,590,18,M,2.93
480,610,23,M,2.75
590,610,20,F,2.64
650,540,19,F,3.52
550,540,21,F,2.1
620,560,28,M,2.92
680,670,20,M,1.65
560,510,22,M,2.19
470,410,20,F,1.37
350,410,21,F,2.81
340,530,14,F,2.49
440,660,17,M,3.56
580,480,19,M,3.77
470,440,17,F,2.76
270,390,13,F,2.12
390,490,20,F,1.48
600,560,20,F,2.43
500,550,23,F,3.29
530,450,20,F,1.96
490,620,11,F,3.27
500,680,26,F,3.61
640,610,22,M,2.64
630,590,19,M,2.83
630,620,29,M,3.51
510,480,18,F,2.16
570,600,24,M,2.31
670,590,25,M,2.85
430,450,23,M,3.04
570,410,22,M,1.03
500,720,28,F,3.35
380,470,17,F,2.36
430,580,20,M,3.45
470,570,17,M,3.01
570,580,27,M,3.7
510,630,21,M,2.03
410,550,19,M,1.68
490,510,19,F,3.36
520,470,19,F,3.03
640,670,18,M,3.57
650,700,24,M,2.05
450,560,19,M,3.37
610,720,20,F,3.31
400,330,21,F,2.56
440,440,18,F,2.54
680,630,27,M,3.34
390,530,21,F,1.94
560,670,20,M,3.47
640,470,21,F,3.42
340,510,18,F,2.27
350,610,17,M,2.65
380,510,16,F,2.84
420,440,16,F,3.17
450,570,16,M,2.27
780,610,31,F,3.92
450,660,15,M,3.3
380,530,17,F,2.54
610,460,21,F,2.83
490,550,20,M,2.59
480,510,22,M,3.67
590,400,22,M,2.82
440,470,19,F,2.51
670,500,30,M,3.54
630,690,22,M,3.2
540,590,24,M,3.92
400,400,12,F,2.02
300,530,11,M,2.44
470,730,26,F,3.59
390,520,25,F,2.2
420,510,17,F,2.73
680,660,28,M,1.59
580,580,25,F,3.7
500,430,15,F,2.37
360,410,14,F,2.68
380,440,12,M,2.51
610,590,27,M,2.3
500,690,16,F,1.94
350,400,15,F,2.56
450,500,20,M,3.54
340,610,25,F,3.86
610,550,23,M,3.46
650,650,26,M,1.45
480,460,23,M,2.66
540,520,18,M,2.95
460,660,24,F,1.91
570,610,16,F,2.63
550,600,23,M,1.42
480,490,23,M,2.65
510,670,20,M,3.88
320,470,18,F,2.34
490,470,16,M,2.57
470,690,22,M,3.78
690,710,23,M,2.18
740,540,23,M,2.45
430,500,20,M,2.12
270,410,11,F,1.81
540,490,16,F,2.81
430,450,19,M,3.79
630,660,19,M,3.43
520,340,19,M,2.89
700,570,26,M,3.83
490,530,24,M,3.55
580,520,20,M,1.12
530,520,21,M,3.58
490,610,15,F,3.31
570,620,23,F,3.65
580,650,20,F,3.61
660,670,25,M,2.88
620,480,19,M,2.19
370,520,16,F,2.72
680,750,34,M,3.11
600,580,21,M,3.54
620,590,34,M,3.09
460,490,18,M,3.35
530,470,12,F,2.85
360,420,17,F,3.1
520,450,22,M,2.32
540,400,18,M,3.12
610,450,22,M,1.8
510,580,18,F,2.89
650,460,26,M,2.82
560,450,21,M,3.09
560,630,21,M,3.05
370,450,15,M,1.15
470,440,15,M,1.47
470,390,20,F,3.2
630,690,27,M,2.98
490,380,20,F,3.9
580,600,19,F,3.68
650,460,23,M,2.41
460,590,21,M,3.16
510,460,18,M,3.35
540,530,20,F,2.16
540,560,20,F,2.44
510,640,23,F,2.21
490,550,20,M,2.57
510,600,20,M,2.75
510,480,19,F,2.91
470,520,18,F,3.51
490,590,19,M,1.78
630,550,20,M,2.76
560,670,25,F,2.54
510,520,16,M,2.79
640,300,26,F,2.14
480,580,20,F,3.76
420,650,23,F,3.31
450,450,17,F,3.41
780,700,29,F,3.91
550,460,14,M,2.26
470,420,16,F,1.68
540,650,17,F,3.08
540,600,17,M,3.63
570,620,18,F,3.38
520,430,14,M,0.33
490,550,16,M,2.62
510,480,22,F,3.41
520,410,20,M,3.11
700,560,22,M,2.28
470,510,20,F,3.7
350,550,21,F,3.42
530,570,18,F,3.7
580,620,24,M,3.6
440,630,27,F,3.33
460,600,19,M,2.81
500,690,24,M,3.6
550,460,19,M,2.35
330,380,17,F,3.56
760,540,25,M,2.86
720,570,26,M,3.56
410,740,23,M,3.82
450,470,22,M,2.68
390,520,22,F,3.27
490,370,25,M,0.27
390,590,20,F,3.47
570,640,28,M,3.01
390,650,23,M,2.09
510,460,24,M,2.91
430,550,17,M,1.24
450,660,26,F,3.78
520,450,17,F,2.15
640,620,24,M,2.98
370,520,12,M,1.91
470,430,20,F,3.53
570,620,23,F,3.29
570,380,22,F,2.81
760,620,29,F,3.71
440,630,19,F,3.71
420,590,19,M,1.92
540,430,15,F,2.37
410,460,18,F,2.6
440,360,17,M,0.95
540,310,26,F,2.92
470,550,14,M,2.59
590,430,22,F,2.2
490,720,22,F,3.8
320,490,20,M,3.43
280,450,21,F,2.64
480,530,22,M,2.53
510,450,19,F,3.73
530,540,24,F,3.14
520,430,23,M,3
430,510,15,M,0.99
390,630,24,M,3.2
680,780,29,M,3.21
570,550,24,M,2.89
550,490,19,M,3.72
520,510,26,F,2.15
500,510,25,M,2.22
540,380,16,M,2.52
550,460,23,F,2.6
410,420,13,F,2.09
430,340,18,F,2.21
340,500,24,M,2.13
490,460,25,F,3.12
540,600,26,M,3.89
570,550,15,M,1.66
590,540,21,F,2.3
410,440,15,M,0.6
460,610,19,M,3.32
540,470,29,M,2.22
470,480,16,M,2.17
340,310,17,M,1.98
310,370,13,F,1.65
460,620,25,M,3.74
500,550,18,M,2.02
670,580,19,F,3.82
540,580,22,F,2.62
530,390,19,F,2.82
340,640,26,F,1.8
540,700,21,M,3.49
540,630,24,M,2.59
540,490,23,M,2.77
490,580,19,M,1.88
300,400,7,F,0.92
440,480,19,M,1.46
500,570,20,M,2.83
650,510,19,M,1.91
450,630,23,F,2.61
410,560,14,M,3.4
460,560,15,F,3.7
540,630,33,F,3.24
370,530,16,F,1.8
380,410,14,F,1.86
570,500,16,F,2.85
600,600,24,F,3.54
550,630,24,F,2.9
350,320,13,F,1.06
460,520,22,F,3.5
600,530,20,M,2.92
530,430,16,F,3.63
360,440,16,F,3.06
560,650,26,M,3.32
640,470,24,M,2.93
480,400,16,F,1.91
560,380,19,F,1.79
610,490,24,M,3.27
520,580,26,M,3.69
500,520,19,M,2.8
570,410,21,F,3.41
460,540,16,F,3.07
270,280,10,M,1.92
390,410,18,F,2.83
440,500,17,M,2.98
580,670,19,F,2.89
560,510,25,M,2.85
660,640,14,F,2.04
410,520,22,F,2.98
470,590,24,F,1.98
590,490,24,F,2.43
640,720,23,F,2.54
520,570,15,M,2.23
390,480,16,M,2.43
610,690,27,F,2.07
620,440,17,M,3.53
550,670,25,F,3.06
540,620,15,M,2.35
550,710,25,F,1.29
310,330,5,F,0.79
460,470,18,M,2.67
410,590,18,F,3.11
460,420,18,F,1.98
410,540,20,F,2.7
390,490,18,M,2.26
660,610,21,F,3.4
620,790,26,F,3.62
440,490,17,M,2.45
430,590,20,F,1.96
360,500,17,M,3.12
480,740,17,F,3.78
630,680,28,M,3.26
380,480,20,F,3.14
350,490,18,F,2.35
400,400,19,F,2.07
410,590,18,F,2.39
380,510,22,F,2.52
540,470,14,F,2.8
550,560,26,F,3.8
610,530,19,F,3.84
400,630,19,M,1.94
480,620,23,F,3.91
560,350,16,M,1.97
480,480,20,F,3.16
420,510,19,F,4
610,590,24,F,2.97
690,730,26,F,2.66
510,600,27,F,3.78
500,500,24,M,3.11
450,500,23,F,2.98
520,600,22,M,3.72
570,650,32,F,2.38
540,610,26,M,2.66
380,680,28,F,3.14
460,440,15,M,2.44
470,550,20,F,2.77
620,670,22,F,2.72
510,660,23,F,3.74
520,520,18,M,2.48
630,660,26,M,3.75
530,540,17,F,3.34
460,540,15,F,2.79
410,450,18,F,3.42
430,530,18,F,1.88
580,690,27,F,3.47
400,430,21,F,3.51
370,380,12,M,3.71
640,660,24,F,3.06
610,470,17,F,1.56
510,360,21,M,2.99
500,380,17,M,1.1
550,620,30,F,3.39
610,770,22,F,3.47
550,560,15,M,1.98
670,680,20,M,3.67
340,530,12,F,3.24
650,550,22,F,2.68
460,560,16,F,3.2
340,580,22,F,3.1
470,500,20,F,2.97
510,640,27,M,3.8
600,530,19,F,2.93
260,580,9,F,3.15
540,490,18,M,2.18
420,380,15,M,2.12
480,670,22,F,3.73
460,430,28,F,3.18
560,540,17,M,3.66
370,360,18,F,1.61
610,400,23,M,3.05
500,520,15,F,3.52
550,540,16,M,1.99
460,720,21,M,2.41
580,610,21,M,3.94
330,440,23,M,3.72
470,670,23,F,3.76
560,570,23,F,2.55
560,530,22,M,2.79
350,400,9,M,3.39
630,660,25,M,3.36
600,590,23,M,2.73
540,500,29,F,3.52
540,660,24,F,2.27
420,360,14,F,1.84
570,420,18,F,2.47
390,510,15,F,3.72
480,510,23,M,2.7
470,620,23,F,2.58
430,560,27,F,3.63
420,380,11,F,2.17
510,520,18,M,3.62
610,670,26,M,1.19
360,510,24,F,3.14
540,540,15,M,2.63
610,540,26,M,2.77
550,610,24,F,3.2
560,560,21,M,0.26
430,640,20,M,2.73
530,620,26,M,3.27
380,480,18,F,1.11
590,740,28,F,3.57
530,590,18,M,2.24
560,510,16,F,1.69
700,800,32,M,3.95
340,330,13,F,2.51
650,670,22,M,1.78
350,480,11,F,2.82
480,390,19,F,2.16
580,600,23,M,2.49
730,610,25,F,3.47
480,360,18,M,3.74
580,590,22,M,3.11
680,630,28,M,3.59
480,680,24,M,2.61
670,650,27,M,3.25
460,420,17,F,2.03
450,410,20,F,2.09
490,530,22,M,2.89
420,520,17,F,2.44
370,420,15,M,2.7
330,380,14,M,1.69
480,430,17,M,2.26
680,660,21,M,3.74
490,510,14,M,2.26
590,650,18,M,3.62
670,580,27,M,3.09
670,570,27,M,2.71
420,560,17,F,3.78
590,610,21,M,1.96
410,520,19,F,2.77
670,760,33,M,2.46
550,570,16,M,3.1
590,530,20,M,2.92
480,730,28,F,2.77
380,470,17,F,3
600,660,24,F,3.4
250,600,22,F,2.54
610,450,15,M,1.27
550,500,23,M,3.35
620,550,21,F,2.8
480,540,22,F,2.9
410,360,16,F,2.23
540,520,21,F,2.98
610,560,20,M,3.92
270,400,14,M,1.56
560,580,22,M,3.78
680,540,26,F,3.77
330,580,17,M,2.92
510,470,19,F,1.73
700,500,24,F,2.5
350,500,20,M,1.1
710,730,33,M,3.53
560,640,22,M,2.8
440,510,14,M,2.96
690,680,19,F,3.59
330,350,15,F,2.29
460,530,15,M,2.57
610,590,30,F,3.52
500,520,16,F,1.82
620,700,28,F,3.79
440,480,15,F,3.34
430,460,15,F,2.8
560,480,18,M,1.45
470,410,15,M,0.97
550,640,20,F,3.94
630,760,32,F,3.26
380,580,24,F,3.19
470,540,19,M,3.03
600,530,18,M,2.89
610,560,18,F,3.44
520,520,20,M,1.88
430,460,15,F,3.07
400,560,26,F,2.73
700,720,26,F,2.8
490,570,15,F,1.96
590,720,25,F,2.98
540,610,26,F,2.31
410,360,15,F,1.58
570,600,20,M,2.3
450,560,18,M,2.48
530,580,22,F,3.42
480,570,22,F,3.12
450,550,26,M,3.22
600,580,23,M,2.49
590,480,17,M,2.74
590,660,26,M,3.18
390,540,17,M,0.53
660,800,33,M,3.64
560,550,23,F,2.32
370,380,12,F,2.63
410,290,14,F,1.21
500,450,17,F,2.59
510,690,25,M,3.17
350,320,9,M,2.43
580,550,17,F,3.18
530,510,20,F,1.93
560,510,22,F,3.26
410,530,18,M,1.91
610,550,28,F,3.31
550,700,27,F,3.83
550,470,25,M,3.32
340,480,15,M,1.45
480,430,18,M,2.2
510,520,18,M,2.18
610,630,21,M,2.47
690,680,22,F,3.49
480,590,20,M,2.37
560,510,25,F,3.61
490,600,24,F,2.94
590,520,19,M,2.72
430,540,22,M,3.42
680,730,22,F,2.92
480,520,24,M,3.01
560,590,26,F,3.08
650,350,20,M,2.55
500,630,30,F,3.33
510,650,24,F,3.12
500,570,21,F,3.28
510,650,28,F,1.87
570,500,22,M,2.32
540,530,21,F,2.55
530,570,19,F,2.69
600,700,28,M,2.68
440,530,18,F,3.15
360,380,13,F,3.22
410,400,8,F,1.62
660,700,29,M,3.78
500,540,15,M,1.79
520,460,27,M,2.84
540,510,24,M,2.11
530,690,21,F,3.45
530,720,28,F,3.07
600,620,24,M,3.71
380,560,15,M,2
280,320,16,F,1.68
470,600,25,M,3.81
560,560,20,M,2.41
610,660,25,F,3.66
600,630,21,F,3.96
360,440,15,F,2.46
560,510,24,F,2.69
620,400,16,F,3.62
430,460,17,M,2.23
690,780,31,M,2.69
480,500,18,M,2.72
600,580,14,M,1.97
370,650,21,M,1.01
550,530,24,M,3.79
510,500,19,M,3.56
620,610,30,F,3.11
370,380,14,M,2.54
460,480,23,M,1.04
400,550,14,M,2.98
560,610,19,M,1.39
490,470,20,F,3.74
500,520,17,M,1.92
680,590,23,M,3.42
610,600,24,M,3.69
590,510,19,F,3.53
480,470,20,M,2.77
570,520,19,M,2.94
370,230,7,M,1.5
390,550,13,M,2.57
490,450,15,F,2.64
510,420,17,F,3.07
480,530,24,M,2.82
410,550,21,F,2
640,640,31,M,2.96
580,630,24,F,3.3
410,390,17,F,1.13
550,350,5,M,1.42
520,410,16,M,2.34
490,510,23,F,2.26
540,610,22,F,3.36
630,490,23,M,1.99
490,600,25,M,2.7
280,520,16,M,3.09
590,650,23,M,3.32
620,630,22,M,3.05
470,520,21,F,2.69
450,600,20,M,3
330,520,22,F,3.01
470,770,24,F,2.73
610,650,22,F,3.6
500,550,20,F,3.59
570,560,26,M,2.18
470,570,25,M,2.34
350,520,20,F,3.36
640,580,23,F,2.57
450,490,18,M,0.79
670,480,19,M,3.09
570,470,21,F,3.62
590,600,24,F,3.55
560,680,19,M,2.39
480,390,12,F,3.17
550,360,17,M,2.6
400,550,26,M,2.7
510,500,19,M,0.85
460,560,21,M,2.87
540,590,22,M,2.64
660,580,27,F,3.67
390,470,21,M,0.88
570,610,24,F,3.38
450,560,20,M,2.39
330,380,16,M,1.92
500,350,9,M,1.19
470,420,19,M,1.57
420,540,16,F,1.82
580,670,26,M,3.56
640,750,34,F,3.54
480,540,13,M,2.01
440,410,14,F,1.4
400,460,21,F,3.49
430,680,28,M,3.58
620,650,26,M,3.95
480,380,16,F,3.61
500,550,24,M,1.51
490,450,15,M,2.26
440,520,19,M,1.59
300,640,22,F,2.64
480,350,9,F,2.49
360,460,21,M,3.29
680,750,31,F,3.17
670,770,18,F,2.22
510,560,18,F,1.11
330,460,12,M,0.59
480,410,15,M,2.99
430,440,24,F,3.67
530,480,27,F,3.55
480,690,25,M,3.79
460,450,19,F,2.7
350,470,13,M,0.44
660,630,29,F,3.89
480,540,18,M,3.04
550,610,24,M,1.86
350,500,20,M,2.28
520,790,27,F,2.4
550,470,23,F,1.1
560,700,24,M,2.74
430,450,15,F,2.52
650,660,23,M,3.79
440,440,12,M,0.71
360,610,21,M,2.8
530,550,20,M,2.33
320,440,15,F,2.4
470,520,16,M,2.31
380,750,28,M,3.9
590,520,21,M,3.03
300,380,10,M,0.61
390,420,25,M,2.13
570,650,30,F,3.28
520,500,21,F,2.48
670,740,22,F,3.88
590,660,25,M,3.81
650,530,18,F,2.87
400,500,18,F,1.25
490,610,25,M,3.23
630,610,19,M,2.17
470,480,27,M,1.15
420,410,20,M,2.34
590,670,23,M,3.14
530,480,15,F,2.83
450,570,21,F,2.22
510,610,28,F,3.63
440,470,22,F,0.7
590,620,26,F,3.55
640,560,22,M,2.78
440,640,20,F,2.5
530,630,28,F,2.49
380,490,17,M,2.77
610,590,27,F,2.12
380,480,19,F,2.89
530,560,22,M,2.32
630,650,20,M,2.23
540,530,23,F,2.79
340,250,3,F,2.75
440,600,25,F,3.09
480,710,23,F,3.33
610,610,22,M,3.01
350,480,13,F,2.58
510,610,26,F,3.38
580,670,26,F,2.25
460,500,13,F,3.01
490,570,19,F,2.77
400,500,17,M,3.76
590,700,28,M,3.81
560,520,17,F,2.2
690,680,29,F,3.88
410,590,21,F,3.04
660,710,29,M,2.66
570,650,33,M,3.58
470,480,23,F,2.89
360,480,18,F,3
660,590,19,F,1.51
570,590,17,M,2.58
390,520,21,F,2.63
460,500,20,F,2.98
460,540,18,M,2.98
370,570,16,M,2.96
570,530,25,M,2.91
390,520,26,M,2
380,420,17,F,2.31
640,610,24,F,3.11
290,350,15,F,1.92
450,580,21,F,1.78
720,540,22,M,3.46
480,610,22,M,2.23
630,610,30,F,3.37
440,550,21,F,3.19
720,760,31,M,3.77
230,220,16,M,0.41
410,500,15,F,3.25
580,670,26,F,3.95
720,540,22,M,2.8
470,640,15,F,3.81
450,410,23,F,1.98
470,640,16,M,3.25
350,440,13,F,1.94
390,240,20,F,2.58
540,440,16,M,1.63
480,370,15,F,2.76
580,580,18,F,3.3
580,610,29,M,3.84
440,520,22,F,2.06
480,540,19,F,1.98
470,530,23,F,3.8
360,390,13,F,2.07
540,680,23,F,3.72
470,560,22,M,3.67
370,520,25,M,3.39
440,740,23,F,3.68
370,490,15,F,3.16
470,600,25,M,2.72
360,570,13,M,3.46
480,520,14,F,2.46
580,560,23,M,2.87
380,330,15,F,2.16
600,580,31,M,1.93
730,570,29,M,3.47
660,780,30,F,3.45
460,500,22,F,3
490,490,21,M,3.5
540,630,21,F,3.45
610,630,19,M,2.08
600,650,25,F,3.28
540,620,24,M,2.29
290,440,14,M,1.82
330,400,7,F,1.5
550,670,24,F,2.46
600,470,23,F,1.97
450,420,16,F,3.18
620,520,18,M,1.96
540,650,28,F,3.78
370,460,16,F,2.75
490,430,23,F,3.02
730,540,22,M,1.95
640,610,25,F,3.24
630,700,21,M,1.57
420,580,20,F,2.47
550,740,26,M,1.84
600,600,24,F,2.39
200,360,21,F,3.19
480,610,21,F,3.01
350,410,10,M,2.04
490,590,21,F,2.83
560,440,23,M,2.9
600,560,21,M,2.52
490,540,21,F,3.08
570,640,23,M,3.59
430,620,21,F,2.57
470,590,24,M,3.36
450,610,21,F,1.78
320,530,11,M,0.83
510,400,18,M,3.63
410,610,20,M,1.43
390,530,20,M,2.15
510,600,27,F,2.56
620,580,16,F,3.48
670,750,28,M,3.62
520,450,20,F,2.3
540,590,23,M,3.02
580,520,18,F,3.69
370,430,16,M,3.85
580,640,15,F,2.5
410,440,12,F,2.56
580,580,26,F,3.65
350,390,23,F,2.49
260,370,8,F,0.84
490,580,19,F,2.87
420,540,20,M,2.86
490,570,25,F,3.22
460,680,21,F,2.31
570,570,18,M,3
430,500,16,F,2.68
460,480,19,F,3.86
540,440,17,M,2.01
440,460,17,M,1.51
610,590,25,F,3.66
340,380,18,F,2.25
520,620,21,F,3.73
510,590,21,M,2.49
540,670,24,F,3.55
560,660,26,F,2.19
530,550,25,F,2.11
440,550,22,M,2.07
370,420,12,F,0.34
490,440,23,F,3.04
520,550,26,M,3.74
640,550,28,M,2.73
300,280,8,F,1.81
540,340,12,M,2.02
500,570,19,M,3.08
470,490,15,F,2.77
640,540,29,F,3.32
360,520,22,F,2.8
360,560,18,F,2.74
650,670,23,M,2.03
690,540,22,F,2.32
550,570,25,F,3.02
530,680,22,F,2.79
470,500,18,M,0.87
610,540,15,M,2.37
410,600,22,F,2.26
330,540,20,M,2.79
600,640,26,F,3.51
530,650,17,F,2.57
500,580,23,M,1.8
640,510,20,F,3.14
470,400,11,F,2.18
620,650,20,M,3.8
620,760,28,F,3.16
630,780,27,M,3.9
510,640,21,F,3.53
480,500,27,F,2.38
410,640,24,M,3.25
630,660,23,M,2.88
570,610,23,F,2.69
430,500,11,M,3.48
570,530,25,F,2.88
430,490,21,F,2.42
590,700,27,M,2.22
330,470,9,F,1.7
480,530,20,F,2.62
470,640,21,M,3.16
490,460,18,M,2.49
590,750,24,F,3.24
530,620,25,M,2.75
410,580,27,F,3.63
470,660,20,F,1.8
360,450,11,M,1.65
640,670,26,M,2.7
450,610,20,F,3.24
550,720,27,M,3.36
480,400,13,F,3.29
380,510,21,M,1.62
770,730,22,F,3.73
680,750,24,F,2.93
620,700,21,F,3.52
590,570,21,M,2.66
450,550,12,F,1.98
610,470,20,M,3.79
680,500,19,M,3.54
480,450,15,M,1.57
490,560,20,M,3.78
570,620,20,M,3.67
480,630,14,M,2.97
450,420,16,F,3.45
450,620,22,M,2.38
390,350,16,F,3.02
600,630,26,F,3.84
380,590,22,M,1.88
690,500,20,F,2.12
440,390,19,M,2.41
400,520,16,M,3.03
420,420,19,F,2.29
360,360,11,F,2.2
470,450,18,M,3.19
340,310,15,F,2.21
420,560,20,M,3.43
460,570,16,M,3.71
360,460,22,F,1.62
660,680,23,M,2.42
580,540,21,M,2.63
340,360,10,M,1.68
350,430,16,M,1.84
550,540,26,M,3.58
620,660,27,M,3.08
470,530,19,F,3.33
690,600,20,M,3.89
490,610,21,M,3.08
370,400,20,M,2.75
440,630,25,M,2.44
500,610,20,F,2.91
440,420,20,F,2.89
580,600,21,F,2.92
670,700,26,F,3.44
590,550,29,F,2.5
440,430,17,F,2.61
330,460,16,F,1.69
730,760,23,F,2.95
520,660,25,M,2.37
350,530,16,M,2.3
620,590,27,F,3.65
580,670,16,M,3.22
730,520,21,M,3.56
280,500,19,M,1.62
620,600,34,F,3.24
490,500,20,F,2.44
600,670,30,F,3.18
440,540,22,F,1.77
430,400,23,M,3.47
490,420,14,M,2.72
340,560,19,M,2.91
620,570,22,F,2.35
600,530,19,M,3.33
600,600,22,M,3.06
500,430,16,M,2.85
440,750,18,M,3.7
710,550,27,M,3.55
410,440,17,F,0.8
230,430,6,F,1.35
550,570,15,M,1.07
620,760,25,F,2.28
510,760,23,M,3.04
730,630,26,M,3.83
420,590,19,F,3.38
650,750,23,M,3.82
310,370,14,F,2.76
530,550,22,F,3.03
360,360,18,M,2.96
460,560,17,F,3.22
360,280,20,F,1.23
410,410,17,F,2.29
390,420,13,F,1.53
640,560,24,F,2.98
380,350,17,M,2.39
240,510,13,F,1.89
640,550,19,M,3.64
380,570,23,F,1.58
240,390,16,F,2.12
580,520,23,F,3.5
610,740,26,M,3.32
420,500,18,F,1.95
470,770,24,M,2.32
370,260,7,M,0.44
530,510,23,F,2.51
640,590,27,F,2.99
610,560,23,M,2.27
590,570,21,M,3.19
480,550,24,F,3.19
310,520,18,F,2.3
300,470,15,F,2.18
590,690,25,F,3.63
470,460,14,M,1.68
470,400,16,F,3.51
600,590,22,F,3.2
520,610,22,F,2.81
380,540,20,F,3.19
560,540,17,F,2.29
440,660,16,M,2.47
580,470,16,F,3.84
590,590,20,F,2.91
520,560,25,M,2.49
600,480,26,M,2.36
510,640,24,M,2.9
690,580,21,M,3.26
390,550,14,F,2.65
570,630,20,M,1.58
510,620,24,F,2.69
540,510,21,F,2.92
600,530,25,F,3.12
540,600,17,F,3.87
510,540,23,F,3.73
670,630,18,F,2.11
670,570,20,M,2.6
610,580,18,M,3.07
550,800,23,M,3.3
460,500,23,F,3.05
410,470,13,F,2.71
410,350,15,F,0.91
520,510,23,F,3.29
390,520,16,F,3.78
570,530,25,M,3.65
550,590,25,F,2.85
450,610,19,F,2.62
500,510,21,M,2.54
580,670,28,M,2.23
590,440,16,F,3.1
470,430,17,M,2.71
580,500,25,F,3.47
490,480,19,M,3.21
640,560,26,F,2.93
520,650,21,M,3.12
500,330,16,M,2.92
680,620,27,M,3.04
620,570,21,M,3.88
420,570,18,M,2.32
560,540,22,F,2.54
410,360,18,F,2.28
600,470,19,M,2.01
450,450,19,F,2.5
580,730,24,F,3.81
540,340,16,M,2.79
330,410,13,F,1.16
290,560,26,F,2.66
660,480,29,F,3.69
540,450,25,F,3.14
450,440,19,M,3.25
550,590,21,M,2.65
560,640,24,F,2.9
410,580,23,F,3.83
560,680,28,F,2.76
390,520,17,M,1.43
330,530,20,M,2.35
560,390,19,M,1.71
570,510,20,M,3.42
460,600,21,F,2.49
620,510,22,F,2.48
400,410,14,M,1.06
490,520,20,F,2.76
340,350,16,F,3
680,610,27,F,2.82
480,450,21,F,1.86
470,550,21,F,2.49
450,410,11,F,2.34
420,590,14,M,2.37
400,490,21,M,1.07
470,570,19,F,3.15
560,580,18,F,3.45
520,720,21,F,1.72
450,550,17,F,3.9
790,750,27,M,2.99
370,490,15,F,2.98
590,600,22,M,1.29
410,660,22,M,3.82
620,660,32,M,2.05
260,370,13,F,2.78
430,670,23,F,3.46
420,530,18,F,3.29
370,360,20,M,2.16
450,610,15,F,2.24
770,590,31,M,2.98
720,710,25,M,3.09
480,510,19,F,2.18
650,550,26,F,3.11
360,510,12,M,2.13
300,530,19,F,3.48
260,470,12,F,2.16
430,650,21,F,3.98
580,450,25,F,3.42
420,450,24,F,3.1
430,640,22,F,3.63
480,650,28,F,2.81
280,300,12,F,1.74
690,540,25,M,3.35
470,540,19,M,2.37
510,500,21,M,1.91
430,520,13,M,2.83
700,720,30,M,3.67
360,330,10,F,2.67
450,520,16,M,1.25
540,490,20,F,3.03
560,680,33,F,2.42
210,520,13,M,1.3
710,720,33,F,3.52
470,540,22,F,2.37
450,550,22,F,3.2
710,730,26,M,3.91
490,590,23,M,3.8
460,550,24,F,3.37
490,510,21,F,3.9
450,440,19,M,2.84
670,680,25,M,3.59
430,550,20,M,2.11
490,580,7,M,1.86
500,560,17,F,3.42
310,320,12,F,1.23
770,760,32,M,2.5
650,520,19,M,2.44
670,660,27,M,2.18
490,560,23,M,2.86
730,530,26,M,3.08
470,520,19,F,2
490,770,21,F,2.5
560,580,16,M,3.59
630,500,21,M,1.78
590,610,23,M,3.36
440,420,25,M,3.5
590,720,25,F,3.3
580,650,27,M,3.07
460,560,20,M,2.65
400,430,11,F,3.44
520,520,22,M,3.12
700,670,23,M,1.68
430,560,19,F,3.13
340,380,13,F,2.1
550,390,17,F,1.41
480,620,28,F,3.26
370,270,22,M,2.27
520,580,10,F,1.65
320,490,9,M,1.83
490,650,24,M,2.25
360,520,9,F,3.13
590,550,18,F,2.35
530,540,20,M,2.75
430,590,25,F,3.31
530,530,19,F,0.68
560,580,25,M,2.12
530,650,24,M,3.09
340,300,11,M,1.49
290,340,9,M,1.74
500,580,24,M,2.23
720,690,27,M,2.49
570,550,24,M,2.63
360,350,15,F,2.75
710,610,32,F,2.83
470,440,21,F,2.68
420,490,17,F,2.1
680,620,27,M,3.96
540,540,20,F,2.38
440,490,14,M,0.92
280,540,14,F,2.52
550,380,21,M,2.95
750,560,24,M,3.73
730,680,27,F,3.5
510,640,26,M,3.62
560,430,15,F,2.06
340,640,15,F,2.95
490,430,18,M,3.01
450,560,21,F,3.24
680,670,29,F,3.39
530,640,17,M,0.98
590,600,22,F,1.7
520,580,24,F,2.68
530,640,23,F,2.95
510,510,17,F,3.41
600,670,28,M,3.71
320,410,14,F,2.6
710,680,29,F,3.96
440,340,11,F,2.28
460,540,12,F,3.64
590,560,24,M,3.11
470,640,22,M,2.87
450,480,18,M,2.56
450,520,19,M,3.13
360,430,11,M,2.5
480,540,23,F,2.53
360,280,19,M,3.07
530,710,25,F,3.97
360,500,20,F,2.64
640,640,31,M,2.66
460,570,24,F,2.25
310,500,16,F,3.14
390,550,16,F,1.72
550,540,16,M,3.39
500,430,24,M,1.76
530,200,16,M,1.55
500,710,27,M,3.2
470,640,22,M,2.65
760,720,25,M,3.87
270,460,11,F,2.45
540,570,22,F,3.17
580,600,28,F,3.16
500,540,29,M,3.4
360,330,16,F,1.51
520,250,20,M,1.41
310,550,22,F,3.06
710,680,26,M,3.53
510,480,16,M,2.1
750,630,30,M,2.09
660,610,28,M,3.77
580,550,30,M,2.89
350,530,19,M,3.4
450,600,17,F,3.71
580,650,25,M,2.63
470,530,19,M,1.97
470,510,23,F,3.44
270,600,13,F,2.12
570,420,12,M,2.06
460,650,22,F,3.69
500,650,25,F,1.92
570,520,17,F,3.94
400,640,20,M,1.42
410,470,15,F,2.88
500,470,24,M,3.26
450,630,23,F,3.05
410,620,23,M,2.94
370,500,18,M,2.48
480,480,18,F,1.89
340,490,10,M,1.49
380,410,18,F,1.1
400,420,13,M,1.1
480,630,20,M,2.8
500,520,20,M,1.63
680,710,23,M,3.31
480,580,28,F,3.27
380,440,16,F,2.77
660,720,22,F,3.26
500,590,22,M,1.68
660,650,21,F,3.44
460,560,16,F,2.61
310,550,18,F,2.76
580,530,16,F,1.09
360,340,14,M,1.88
560,530,17,M,2.25
480,620,13,M,1.59
720,650,31,M,3.98
610,620,18,F,2.8
620,520,28,F,3.24
660,730,35,F,2.73
450,560,13,M,1.65
640,710,27,M,3.21
460,560,26,F,3.24
460,570,19,F,2.23
470,490,23,M,2.84
320,390,16,M,2.41
480,630,24,M,2.29
520,480,12,F,2.82
390,320,5,M,1.88
770,590,21,M,3.58
650,500,21,M,3.52
380,490,18,M,1.99
570,420,21,M,3.76
550,560,21,F,1.47
480,610,19,F,2.61
620,600,24,M,2.99
480,510,26,F,3.58
280,490,17,M,2.47
360,440,14,F,2.7
610,540,24,M,3.19
630,570,22,F,3.44
590,510,18,M,2.42
410,450,21,F,2.32
480,580,25,M,2.65
350,400,20,F,2.28
440,500,19,F,3.58
590,550,27,F,3.21
530,520,26,M,3.36
260,700,20,F,3.51
570,600,29,M,2.11
420,380,16,M,2.35
580,450,21,M,1.42
620,370,19,F,3.1
580,600,16,F,2.98
600,510,19,F,3.84
610,620,22,F,3.46
490,520,15,M,2.53
470,530,13,M,2.22
520,480,22,M,3
660,460,20,M,2.83
290,300,14,F,1.8
580,600,20,F,2.19
490,410,19,M,1.8
590,610,19,F,2.71
540,710,19,F,3.53
680,540,22,F,3.34
390,540,18,M,0.89
590,690,25,F,2.95
460,480,14,M,1.83
570,650,22,M,2.55
510,500,19,M,2
430,300,16,F,3.02
400,470,14,M,3.61
570,740,28,M,2.33
400,420,16,F,2.83
710,650,29,F,2.67
580,650,22,F,2.79
390,610,24,M,2.45
460,430,13,F,1.21
330,580,19,F,3.17
510,590,16,F,3.43
470,440,19,F,1.88
670,450,21,M,3.69
640,560,23,M,2.66
420,490,16,M,3.13
470,660,23,M,3.25
490,500,18,M,2.47
680,600,22,F,2.56
480,660,27,F,3.46
580,520,19,M,3.07
470,420,18,F,1.75
430,480,17,F,0.53
410,600,23,M,2.7
390,580,18,M,3.39
600,530,18,F,2.15
450,420,23,M,1.26
520,570,25,M,3.95
530,690,19,M,2.09
340,550,24,F,2.78
510,610,22,F,3.87
500,510,18,M,2.84
540,610,19,F,3.68
510,650,20,F,2.64
410,400,12,M,2.92
740,580,21,F,2.23
520,570,21,M,3.43
600,630,22,M,3.37
270,340,14,M,1.95
510,540,18,F,3.43
390,520,18,F,2.9
570,650,23,M,2.22
440,660,16,M,2.37
410,390,19,F,2.5
390,550,19,M,3.06
480,490,14,F,1.73
360,360,13,F,1.39
510,700,25,M,3.44
610,500,21,F,3.56
510,550,25,F,2.29
510,550,21,F,2.91
240,270,14,F,1.51
260,450,11,M,2.72
600,640,22,M,2.37
580,560,17,F,2.57
570,560,21,M,2.22
440,660,18,M,1.78
220,400,7,F,0.93
390,520,18,M,3.32
550,600,21,F,3.09
610,610,28,M,2.51
600,550,24,M,2.84
580,630,27,F,2.77
330,510,21,F,1.39
330,390,13,M,1.35
610,570,20,F,3.43
500,640,17,M,2.85
370,450,16,M,1.63
470,740,22,M,3.37
310,590,18,F,3.84
500,500,16,M,2.72
420,560,26,F,3.31
610,600,27,M,2.71
520,560,21,M,2.31
500,450,23,F,2.72
460,530,22,M,2.7
670,540,26,F,3.49
630,680,26,M,3.65
520,510,18,M,2.91
510,660,26,M,3.76
590,450,21,M,2.59
570,680,25,M,3.14
470,400,12,M,2.44
670,700,30,M,3.78
380,560,12,M,1.68
570,450,18,M,2.11
450,360,27,F,2.31
210,360,19,F,2.61
590,680,31,M,3.31
430,630,19,F,2.92
600,640,22,F,2.51
510,420,15,M,3.02
400,330,13,M,0.32
470,670,23,M,2.45
500,430,13,F,1.89
610,550,23,F,3.56
270,470,13,F,1.2
450,700,17,F,3.36
310,460,20,M,2.07
490,560,19,F,3.35
540,450,17,F,2.87
450,490,21,M,0.75
680,600,23,M,2.81
550,610,23,M,3.86
540,720,20,F,3.18
550,490,23,F,4
740,650,24,F,3.41
450,500,27,M,1.53
460,610,22,F,1.7
620,620,29,M,2.41
530,590,22,M,3.23
510,430,15,M,1.67
560,370,22,F,3.69
560,610,22,F,3.47
610,380,17,M,2.9
420,310,20,M,1.92
530,650,21,F,3.23
570,510,15,F,1.59
490,630,24,F,3.07
330,530,16,F,1.57
570,540,22,F,2.87
620,480,29,M,2.87
680,710,24,F,3.92
470,500,17,F,3.29
290,410,8,M,1.55
350,540,21,F,2.26
500,450,17,M,3.2
470,470,19,M,1.83
460,660,20,F,3.82
470,520,19,F,1.86
470,560,18,F,2.87
550,620,31,M,2.12
490,540,24,F,3.48
320,350,17,M,3.18
450,470,19,M,3.32
590,760,22,F,3.11
540,710,25,F,3.79
610,520,27,M,3.53
650,550,13,F,2.62
540,480,21,F,2.94
500,510,12,F,3.11
510,500,21,M,3.04
530,590,24,M,1.51
390,500,22,F,3.91
700,470,22,M,3.97
390,410,13,M,1.85
530,580,20,M,3.6
550,610,26,M,2.34
630,620,22,F,2.57
620,630,24,M,2.99
590,510,27,F,3.12
660,590,25,F,2.79
540,580,20,M,3.54
460,430,21,M,2.25
460,460,15,M,2.27
420,470,20,M,1.68
560,700,31,M,3.33
510,670,25,F,2.98
530,630,18,M,3.89
410,580,20,F,3.23
580,730,25,F,3.1
550,450,10,F,1.8
340,580,24,F,2.49
580,710,19,M,2.8
470,500,17,F,2.93
450,490,20,M,2.56
470,490,19,M,1.48
440,440,16,M,3.77
490,410,23,F,2.18
720,600,24,M,3.7
800,630,19,M,1.97
480,640,22,F,3.45
420,460,20,M,2.54
310,380,21,F,2.38
460,590,25,F,3.59
420,550,18,M,3.09
470,480,19,M,2.9
540,700,27,F,1.37
380,520,19,M,0.07
500,610,16,F,2.8
400,400,22,M,1.77
450,640,22,M,3.19
650,740,25,M,3.56
600,640,21,M,2.01
380,540,15,M,3.39
490,520,18,M,2.21
630,560,24,M,1.59
590,530,22,M,2.6
590,620,23,M,2.71
550,500,20,M,2.72
490,470,16,F,3.83
440,640,29,M,2.69
690,620,31,M,3.84
420,480,17,M,2.12
560,460,19,M,2.34
400,300,13,F,2.07
590,430,12,F,3.03
640,620,30,M,1.58
530,540,24,M,2.65
590,490,20,F,3.89
480,610,18,F,2.82
400,550,19,F,2.96
470,530,19,F,2.89
630,530,23,M,3.91
560,390,17,M,1.3
280,420,16,M,2.65
680,720,23,M,3.04
600,420,29,M,3.48
690,600,19,M,1.51
620,560,18,M,2.09
430,590,24,F,3.2
540,500,23,F,3.36
650,520,29,M,3.68
530,620,23,M,2.94
550,540,24,M,2.45
500,410,21,F,3.26
240,300,13,F,1.28
540,480,19,M,2.43
560,710,30,F,3.78
530,520,21,M,3.13
660,600,21,M,3.1
550,610,20,M,3.48
560,760,30,F,3.61
450,570,22,F,3.32
520,410,19,F,2.26
600,530,22,M,2.65
500,450,19,M,2.18
540,450,22,F,3.43
400,640,15,M,2.66
590,530,25,F,3.18
350,480,24,M,2.1
490,630,22,F,2.78
520,570,25,M,3.08
640,730,28,F,2.77
550,560,25,F,3.49
620,510,17,F,2.18
480,430,17,M,1.54
330,500,15,F,3.09
400,550,22,M,2.21
650,530,20,M,3.5
450,540,17,M,3.01
370,280,17,M,3.35
520,480,23,F,3.61
570,520,13,F,3.02
590,560,15,M,2.92
460,510,18,M,1.67
570,580,27,M,3.43
360,370,17,F,3.55
660,510,22,F,3.2
590,510,15,M,3.02
510,680,27,M,3.45
410,500,20,F,1.92
490,480,20,M,1.76
640,700,24,M,3.4
560,510,24,M,2.78
430,580,19,F,1.16
500,480,22,F,2.24
600,530,27,M,2.3
350,580,20,F,2.83
550,630,18,M,2.41
620,490,18,F,3.76
570,610,28,F,3.34
320,440,9,F,1.97
560,500,21,M,2.86
720,630,28,M,2.67
370,340,16,F,1.21
350,360,15,F,1.54
540,570,24,F,3.53
530,470,21,M,2.29
330,310,12,F,1.84
470,390,20,F,1.78
520,380,9,F,1.48
550,530,24,M,2.09
450,360,12,M,3.76
630,630,20,F,3.45
220,570,13,F,2.97
670,550,26,M,3.69
510,550,14,M,1.71
490,480,18,F,3.68
470,490,20,F,3.05
420,270,13,F,0.87
460,630,25,F,3.84
420,360,12,M,1.22
520,530,23,F,3.79
240,290,12,F,1.22
400,570,18,M,1.86
530,460,19,F,2.4
540,580,23,M,2.2
400,400,9,F,2.49
380,500,10,M,1.35
570,440,16,M,2.96
570,730,24,F,2.03
540,690,25,M,3.2
560,630,20,F,2.95
340,520,11,M,1.39
560,550,24,F,3.32
540,540,22,M,3.79
550,610,29,F,2.51
600,700,24,F,2.72
650,610,24,F,3.57
630,530,29,F,3.42
670,580,21,M,2.68
360,600,18,F,3.37
390,500,16,F,2.52
580,660,22,M,2.38
360,440,19,F,1.97
530,570,11,M,1.51
480,500,23,M,1.35
650,580,32,M,2.99
680,580,23,M,3.39
420,460,14,F,2.83
460,590,23,F,3.12
550,560,19,F,3.61
480,510,14,F,2.31
520,370,15,M,2.62
520,700,24,M,3.12
560,620,21,F,3.68
700,460,22,F,3.58
360,540,11,M,3.75
460,530,23,F,3.84
550,640,24,M,2.08
630,610,25,M,3.62
480,600,21,M,2.78
500,540,18,M,2.36
490,700,26,M,2.12
430,540,19,F,3.23
430,500,18,F,2.55
640,460,18,M,2.8
480,630,11,F,3.4
550,520,22,F,2.17
320,330,17,F,2.45
320,640,19,M,2.36
350,500,16,F,2.5
510,570,20,M,3.75
340,300,17,F,1.69
570,590,27,M,1.56
660,550,24,M,2.34
530,530,21,M,1.59
480,570,22,F,2.9
590,460,23,F,2.78
540,460,15,M,1.74
550,610,23,M,2.2
520,540,19,M,2.53
460,460,24,M,1.98
360,360,17,F,2.4
550,570,20,M,2.22
620,460,24,M,2.44
480,420,14,M,2.46
560,540,26,F,2.43
270,430,14,F,2.62
630,480,16,M,2.22
540,370,17,M,2.44
500,390,19,M,2.71
470,510,28,M,3.04
620,520,22,M,3.02
420,340,15,M,2.59
550,570,19,M,1.5
570,570,20,M,3.07
590,510,16,M,3.5
460,420,18,F,3.69
490,500,16,F,1.39
480,580,13,M,2.58
590,540,19,M,1.74
520,690,20,F,3
630,560,27,M,2.51
360,460,15,F,1.57
520,510,19,M,3.04
390,630,23,M,3.32
360,410,17,M,1.44
620,580,23,F,2.49
430,340,15,M,1.75
520,580,21,F,3.02
340,340,15,F,0.71
570,740,29,M,3.61
600,610,21,F,3.22
440,540,22,M,2.93
520,620,20,M,2.4
440,450,20,F,2.56
670,580,21,M,3.4
520,490,23,M,2.55
550,640,20,M,2.73
680,480,21,M,2.96
420,400,17,F,2.94
570,530,23,F,3.53
520,610,15,M,3.29
600,590,25,F,1.89
520,530,23,F,1.77
510,740,24,M,2.92
530,720,25,M,3.75
210,450,13,F,3.54
500,430,21,M,2.5
390,350,21,M,2.98
590,610,24,F,2.99
230,480,13,F,1.73
760,760,26,M,2.7
440,480,16,F,3.57
480,460,17,F,2.56
640,550,20,M,3.54
570,510,27,M,0.89
360,510,22,F,2.82
540,620,21,M,3.94
590,740,25,M,3.38
650,520,27,M,3.25
500,600,27,F,2
700,640,28,M,3.78
340,450,16,F,2.95
450,690,24,F,3.68
550,600,20,M,3.45
590,540,22,F,2.88
560,520,22,M,2.36
580,550,28,M,3.06
510,550,12,F,3.35
410,330,14,F,1.58
620,660,26,M,2.94
560,580,16,F,2.45
640,580,25,F,3.6
330,560,21,F,2.81
510,470,13,F,3
430,580,24,M,3.08
610,520,19,M,2.38
710,570,20,M,3.16
490,550,22,M,2.56
440,400,13,F,2.18
620,310,17,M,3.3
300,510,12,M,2.99
560,550,27,M,2.63
610,660,18,M,2.94
460,680,23,F,3.76
380,400,20,F,2.81
380,600,25,F,2.52
560,620,28,F,3.18
580,530,16,M,2.9
540,430,13,F,2.95
570,390,16,F,2.89
620,760,24,M,1.54
650,680,28,M,3.64
400,690,23,M,2.65
490,570,24,M,2.3
380,480,14,M,1.56
450,560,18,F,1.67
580,570,25,M,3.22
410,460,15,F,1.84
400,430,18,F,2.33
470,520,27,F,3.52
600,560,25,M,3.06
410,490,14,M,2.26
480,630,18,F,2.8
430,590,16,M,1.85
560,520,21,F,2.61
260,330,13,F,2.54
570,540,15,F,2.2
650,770,34,F,3.63
690,530,27,M,3.12
610,760,20,M,2.57
520,590,21,M,3.06
420,360,22,M,3.49
680,500,21,F,2.42
530,490,20,F,3.4
640,650,25,M,2.03
700,750,24,M,3.62
580,740,29,F,3.25
610,610,25,F,2.98
450,470,14,F,1.37
670,750,20,F,3.29
540,580,16,M,2.37
550,530,20,M,2.25
530,530,15,F,3.11
370,720,21,M,2.7
620,500,24,M,2.4
500,590,24,M,2.72
700,510,20,F,3.31
620,460,17,M,3.11
480,550,20,M,2.27
540,520,23,M,3.1
480,640,23,F,3.64
390,570,27,F,2.63
380,520,22,M,2.27
440,430,15,M,3.78
530,520,19,F,3.55
590,660,21,M,2.75
500,570,17,M,3.19
680,760,27,F,3.95
450,410,14,F,1.68
580,440,15,F,3.02
390,330,16,F,2.27
590,410,23,F,3.67
570,790,25,M,2.49
570,560,22,F,3.64
390,500,19,F,3.19
610,620,18,F,3.49
500,540,11,M,3.75
410,500,13,M,1.05
480,580,20,F,3.3
580,670,20,M,2.64
440,610,21,M,3.68
580,720,24,F,3.06
570,430,18,M,2.06
490,450,14,F,3.57
700,580,22,M,1.73
680,630,27,M,3.79
600,760,34,M,4
440,540,18,M,2.31
460,440,16,M,2.14
290,380,22,M,3.11
440,480,16,F,2.49
400,500,15,M,2.86
430,550,21,F,1.29
620,730,25,M,3.92
540,440,22,F,3.6
590,420,17,M,2.79
320,350,8,F,1.69
670,620,29,M,3.87
560,700,22,M,3.75
470,490,15,F,1.94
320,480,23,F,2.19
640,610,25,M,3.52
450,560,20,F,2.27
670,570,23,M,2.11
560,520,23,F,3.81
450,450,14,M,2.03
460,470,17,M,1.92
600,510,19,M,2.66
270,310,11,M,1.79
350,280,17,F,2.32
500,570,23,F,3.39
700,680,27,F,3.11
560,540,22,F,3.88
500,540,22,F,2.13
640,720,22,M,3.51
360,410,19,F,1.36
360,460,10,F,1.05
500,590,22,F,2.77
400,530,20,M,3.46
450,670,25,M,2.99
400,640,24,F,3.6
600,420,24,M,4
690,680,27,M,2.06
500,490,22,M,2.55
360,670,23,M,3.27
590,460,17,M,3.11
600,630,24,M,3.11
680,590,28,M,3.86
530,650,20,F,2.74
550,520,22,F,2.98
380,480,14,F,3.22
500,480,15,M,2.5
440,550,21,F,1.47
620,620,29,M,3.92
310,510,15,F,2.54
500,510,24,F,3.5
530,580,26,M,1.58
420,420,21,F,2.44
410,570,23,F,3.79
490,330,17,F,1.73
470,530,16,M,2.09
480,490,21,M,3.1
420,570,19,F,2.46
710,500,26,M,3.31
700,750,28,M,3.09
570,590,25,M,3.28
640,610,24,M,3.68
650,430,18,M,3.15
580,540,14,F,3.2
460,480,23,F,2.9
550,600,21,F,3.61
410,560,18,F,2.17
510,590,28,M,3.27
580,440,22,M,2.46
510,620,25,M,4
510,350,17,M,1.86
490,600,27,M,2.46
540,480,18,F,3.97
590,680,24,F,3
470,520,22,M,3.18
700,600,29,F,3.79
590,620,25,F,3.66
560,520,22,M,2.21
480,730,20,F,2.83
570,650,13,M,2.3
690,600,27,M,3.34
610,490,20,F,2.04
550,430,18,F,1.85
360,320,9,F,1.11
600,500,18,M,2.13
460,560,23,F,2.34
470,510,18,M,2.09
420,540,22,M,3.22
460,480,25,F,3.54
360,540,21,M,1.95
570,760,29,M,3.2
290,480,12,M,2.44
420,480,25,F,2.4
340,420,14,F,2.05
450,520,20,M,0.68
400,610,20,F,1.59
540,550,21,F,1.79
660,420,22,M,2.85
440,460,12,M,2.82
560,540,22,M,2.44
570,510,22,M,2.43
420,410,15,F,1.1
480,690,25,M,2.84
400,520,27,F,3
310,360,11,F,1.41
570,530,25,F,2.97
640,510,22,F,2.96
570,570,21,M,3.55
560,450,19,F,1.65
560,560,19,M,1.97
430,500,15,M,2.19
740,680,27,M,3.93
590,530,20,F,2.76
520,580,19,M,2.88
360,390,14,M,1.42
570,570,23,M,2.83
570,470,20,F,3.22
420,330,16,F,1.17
610,540,25,M,2.26
560,580,21,M,2.11
550,540,22,M,2.26
570,600,26,F,3.5
590,260,15,M,1.19
510,500,17,M,1.8
440,550,19,M,2.17
410,560,19,F,3.33
450,450,20,F,3.82
360,430,16,M,2.71
690,740,30,F,3.53
340,500,17,F,3.47
640,660,29,F,3.48
620,530,21,M,1.94
380,530,15,F,2.76
430,520,20,F,3.72
440,470,18,F,3.24
640,600,25,M,3.81
570,530,22,F,1.58
370,480,18,F,3.55
500,590,17,M,2.87
510,520,23,F,2.82
530,610,23,M,3.21
320,490,16,M,2.05
560,570,25,F,2.27
470,520,19,F,1.86
450,460,17,F,2.76
430,580,23,M,3
400,440,25,F,2.18
370,790,21,F,0.98
540,670,28,F,3.81
510,530,15,M,3.02
580,580,29,M,3.61
450,500,21,F,2.47
420,420,15,F,3.15
640,700,26,F,3.46
480,520,21,M,3.54
690,530,29,F,3.99
620,750,21,F,2.86
360,430,15,F,3.2
460,460,15,F,3.49
370,590,23,F,1.96
500,710,20,F,3.76
550,640,24,F,3.82
500,400,20,M,2.97
510,580,22,M,2.51
560,490,16,M,2.38
480,570,22,F,3.66
690,590,26,M,2.26
500,410,16,F,1.95
730,610,21,F,3.79
490,620,14,F,3.16
560,610,23,F,3.21
290,460,13,F,2.21
630,580,28,M,1.56
480,530,16,F,3.72
540,590,24,M,1.7
530,640,24,F,1.77
370,340,13,F,3.36
620,690,21,M,3.56
510,630,22,M,3.04
380,440,16,F,3.31
530,570,28,F,3.88
690,480,27,F,3.77
600,720,21,M,3.31
380,380,23,F,1.5
630,640,25,F,2.59
380,470,16,M,1.21
500,460,17,M,3.04
410,390,5,M,1.56
430,460,20,M,2.3
530,560,21,M,3.45
560,570,24,M,2.94
530,580,23,F,2.65
520,490,22,M,3.45
570,540,14,F,1.18
470,420,20,M,2.92
550,590,22,F,2.76
630,630,27,M,2.77
560,320,14,M,1.96
340,480,17,F,2.99
580,640,27,M,3.94
290,370,11,M,2.03
550,480,24,M,2.86
440,350,12,M,1.08
470,460,18,M,3.24
530,670,20,F,3.92
380,430,17,F,2.99
350,540,14,F,2.08
540,560,21,F,2.95
530,600,24,M,3.86
780,730,21,M,2.86
500,580,21,M,2.52
460,450,13,M,0.91
680,580,30,M,1.6
380,460,18,M,2.17
740,750,27,M,3.02
470,470,16,M,2.72
360,450,16,F,2.3
540,550,25,M,2.54
540,670,19,F,2.5
580,500,21,F,2.15
650,710,24,M,3.89
490,670,25,M,3.03
400,520,20,F,2.18
550,500,22,M,2.56
420,510,16,M,1.41
580,630,29,M,3.19
430,610,13,F,1.83
360,340,14,F,3.24
440,560,19,F,3.51